epoch,train_loss,val_loss,train_iou,val_iou
1,0.108733,0.057453,0.944197,0.962676
2,0.046294,0.043899,0.966785,0.966396
3,0.038178,0.044079,0.971256,0.968558
4,0.036758,0.037177,0.971164,0.971554
5,0.035376,0.036406,0.972096,0.971730
6,0.031597,0.032449,0.974143,0.973582
7,0.032470,0.036129,0.974160,0.971523
8,0.033955,0.032522,0.972697,0.973758
9,0.030445,0.037182,0.974613,0.967656
10,0.029475,0.031329,0.975557,0.974429
11,0.032146,0.031497,0.973883,0.974855
12,0.028894,0.038122,0.975749,0.974240
13,0.028602,0.034504,0.975113,0.973692
14,0.027175,0.041950,0.976136,0.963061
15,0.026559,0.029586,0.976142,0.975924
16,0.026242,0.046934,0.976605,0.967438
17,0.025070,0.029215,0.977635,0.976172
18,0.024964,0.028770,0.977843,0.975020
19,0.022462,0.022673,0.979481,0.980224
20,0.019725,0.031654,0.981886,0.972761
21,0.019924,0.022153,0.981253,0.980103
22,0.019038,0.020598,0.981927,0.982153
23,0.021434,0.022755,0.981387,0.980500
24,0.018666,0.020527,0.983163,0.981561
25,0.016368,0.022535,0.984968,0.981921
26,0.017103,0.026564,0.984325,0.978134
27,0.016133,0.042173,0.984695,0.965271
28,0.020215,0.052611,0.981247,0.955571
29,0.019429,0.020582,0.982289,0.981887
30,0.014476,0.019454,0.986619,0.982303
